test_acc,test_loss
0.6011000000000002,1.5811584
